Air.Flow,Water.Temp,Acid.Conc.,stack.loss
0.3040130827097108,0.6117750449058029,0.07518169213763566,0.1421997335704306
0.2360090963750398,0.9474622634495263,0.1935257700829873,1.112293097273085
-0.3987402795271932,-0.3203152664274633,-0.7167407556654176,-0.3000961074859455
-1.1198807921905383,-0.5629803712106345,-2.6254473905385196,-0.9463865374185174
-1.0922823674177822,-0.9197717171093546,-0.09693188390281778,-0.9773735955100048
0.17160301893132307,0.9425342351898918,1.2004704542127802,0.8332387346851845
2.2822264900649345,2.0230489682272816,0.5616996189513436,2.5176845567082458
0.26785040288774165,0.9707534654652096,1.243075896884974,0.18415443248728558
-1.237280585774372,-0.6568926299052626,-1.3885016346294785,-1.204355578214987
2.3454577782738144,1.918794105468213,0.5718556786733259,2.464311730295698
-1.2362609081183271,-1.063237686516892,0.6303704452751908,-0.8670683893928479
-0.16629258685941029,-1.3814511284164561,0.36039904667553785,-0.4986230091636708
-1.1934427620482435,-1.0474594295245918,0.6264722336283401,-0.958301365482908
-1.144235044822291,-0.588715183567081,-1.292681156489267,-0.9113330107808617
0.281821826511789,0.753312584197829,0.1351890722165235,0.09042762810938632
-0.313045072970694,0.6237091241208886,0.18892227498250785,-0.023070045464916908
-1.1398187671102686,-1.0614357991818337,0.5500734013842585,-0.7760276020262263
0.12505602719785575,0.387710492140013,0.24817128999271462,0.10538855626523479
-1.219492037678265,-0.67455662543458,-2.706224068847982,-1.4226794253495616
-0.22333988898597312,-0.9683134540057948,0.535222794531467,-0.21331888568548135
2.2609990804553854,2.0760062194711337,0.38313954153489566,2.0678502762268356
-1.0556660406441087,-0.28967569184166503,-1.0551830609765436,-0.8105959554546318
-0.31383520618686406,-0.6766589635293389,1.3491804614854699,-0.5819501905543926
1.0711736592535719,-0.3604896111763199,0.9455492651990384,-0.2619931905186204
1.7753109717544713,1.2964166686708993,0.7065442666119328,2.358474673126844
2.3315580234402393,2.08578366509769,0.25983003324651394,1.9697473037113638
0.1323342979423435,0.753069439496095,0.06340963970084613,0.17361167061794133
-1.1857452138200568,-1.0386677761438026,0.049041928559228086,-0.9368100201513221
-1.109718429923369,-0.26241541673603835,-1.1985423803597754,-0.8801385441976682
-1.112885921343361,-0.561082569927915,-1.3514219324968961,-0.9607252187400546
2.233513797748899,1.932300154616977,0.3670348846827581,1.8933157904118143
2.238787918025251,2.0422850879405625,0.37233281210665303,1.5503262209296795
-1.1549108403705544,-0.6119936067983689,-2.7321472184588216,-0.7810356575885092
0.18860177815300347,0.6503109215127922,0.11710487376892975,0.5094302746911443
-1.2332317663639412,-1.0574247842957976,-0.11963574400200828,-0.7467679288074869
-1.213312170876375,-0.24791489200720424,-1.0660940721788195,-0.919716978456616
0.14268098374813387,0.988489464841122,1.3774490738733831,0.07216560305271269
1.7451944757285607,1.3710697772211895,0.6310076780911383,1.7263278745365136
-0.23667400130675578,-0.8963281560893344,-1.066644335720249,-0.3314445076066625
0.25500341173529695,0.36837066806956714,0.0785881457986697,0.1516918136917736
0.12583846788543904,0.9566127753357258,1.3301818949283155,0.47219036589210084
0.20406008150227609,0.9131130442651161,1.3179041117876056,0.6586254343173188
-1.2026183040523117,-0.8841866084666918,0.5502234985514727,-0.7426142668627862
-0.20821809043514103,-1.008510044119429,-1.1051079106882746,-0.3468956829741537
0.14597780691691337,0.9007993417492244,1.3041475401007279,0.38383296591970945
-1.0511188584431466,-0.9424116468832001,0.5415994900115239,-1.000871511309833
-1.2172956283896572,-0.6879100759660067,-1.2986285319145934,-1.1453108167453667
-1.1162180888950943,-0.6167108073079198,-2.6357400403508433,-0.9920297850796643
1.7079849344835594,1.387640810206666,0.6455885043805415,1.8382092366481073
-0.32950452469271285,0.6659836230511577,0.24181331396781774,-0.3820144983449
-1.206480753661815,-0.9759285284465895,-0.03220667305343304,-0.9266315128405915
1.22174754170909,-0.36709374301397635,0.9985864025089598,-0.06043330185405577
-0.17401187571881008,-1.0554652653969454,0.48161697968597506,-0.27019512222332165
0.25058893344462274,0.356279146498148,0.2205031017351705,0.2274533083185505
1.056096563442366,-0.3657750491554756,0.8166698901341327,0.25989826314558606
-0.2236880878399779,-0.9046871698094577,0.5394063524429692,-1.0996235948307242
-0.32142278412038827,-1.3423593847927149,0.35331039921357477,-0.43067598407192936
-0.19503682664372385,0.6139589618927929,0.1968227665849289,-0.6955775920336106
-0.3317042133800448,-1.0223680939132538,-1.1676460634835042,-0.328520451435813
-0.23978876997852785,-1.3134843044257842,0.3706169008228218,-0.5562341562975465
0.27651215612071717,1.0540794692380369,1.2091015175515734,-0.13045364398179607
1.2131175724314018,-0.23318585395129865,0.9818007098947521,-0.17855096538748128
-1.1182707750589194,-0.9676953990145508,0.5393066854464603,-0.8467382068435828
2.2048257138181024,2.0684292481178885,0.6073289820085568,2.2134734496036206
-1.0591998475765958,-0.6612012411039608,-2.6452347256311324,-0.5114376268962164
-0.18209094358976802,-0.921038880544634,-0.8399878167860103,-0.7788059104787901
-0.31596200051882983,-1.3549473806735954,0.3001065456797036,-0.7584239841824605
-0.20493447502277456,-1.0334102718879115,-0.8381850988276672,-0.6643242040183587
-0.32906382430308406,-0.9465160423718147,-1.092146069434142,-0.5587244032904338
-0.2634814292451452,-1.0210417662757967,-0.8562522841965544,-0.762199267220342
-1.2056455662108112,-0.9421414904595299,0.5734698784001827,-0.893317784506574
-1.058012333769322,-0.6992794458192287,-1.3302035313751899,-0.4728608434162021
1.1430930587947372,-0.34201892459788713,0.8982149606264636,-0.5474864424816706
-0.44930684299039336,-0.2838410567587842,-0.7441712521765409,-0.33003484601205035
2.242147926765891,1.8909245841594329,0.39780601642975993,1.721107093895745
-0.33322473909794126,-1.3432029692431016,0.25719538238613754,-0.2547647999457196
-1.1724225691987997,-0.5545323176916558,-2.665348428996851,-0.6455585404691571
-0.18729787690663535,-1.033463246009796,-0.8083627595005972,-0.6380776128153306
-1.0644676240774789,-0.3131078874392858,-1.1777262801725858,-0.7975286716805213
-0.21019010837919883,-1.0613891648166918,-0.7499484874852683,-0.8359530397822839
1.0327041784907234,-0.33343906600679313,0.8480521611904448,-0.31081326867520903
-0.15890371232063827,-1.040289926332318,-1.0512517261876462,-0.08223532047678904
-1.2298619594214957,-0.8997708521101535,0.042020233501778394,-0.7736645244058487
-1.0813791838738762,-0.3097756356496807,-1.0888395861883498,-0.8394882034569522
0.12597820439403604,1.0890902488082908,1.3400700154863237,0.08737311160009888
-1.1268518407020334,-1.059783439926659,0.032931091563684865,-0.2300126772563125
-1.190532727512967,-0.9712242189671032,0.610240823867441,-1.0854642541021071
0.20859910880075233,0.6158875047673632,0.1979997164314477,0.349918653523342
0.30689382603964144,0.9747407308945009,0.06351403018019866,1.206051578476791
-0.5339626991482568,-0.415775788117031,-0.681907502612875,-0.2630826271054338
1.167326511948639,-0.3512592143973944,0.867604112876919,-0.31348108909590333
-0.337041245677937,-1.0492902738153684,0.6288108151544733,-0.3797452709405191
-0.17012864994155208,-1.0277977083974854,-1.1325972318622142,-0.45610182942559974
0.11598774316432506,1.0585482014741234,1.2305055252081873,0.2709923605546774
-0.4965034326589233,-0.29218132680563447,-0.7513760858982231,-0.2513550829376571
2.290795950838529,1.914019077063345,0.40459199258916306,1.9230760438196148
-1.0862660554189285,-0.9395124535402855,-0.1075404142921281,-0.9964672031416199
-0.256138561652546,-0.9893528855240175,-1.1697400100474584,-0.4182110512385462
1.184751745224586,-0.35116491338032824,0.85283341320637,0.02708988204834455
-1.1537147270312023,-0.9752924529148783,0.04106542622436829,-0.8057677074946705
2.2036718403829214,2.0323562274334295,0.41609924926519765,1.7911848905287662
-1.175233718986029,-0.9911810627550159,0.6324711387169438,-0.5517972829574378
-1.1681637601319501,-0.913945661282672,-0.03489931796958525,-1.0867241327965396
1.0619518032153414,-0.3515233357844774,0.9462442362682444,-0.381294545193683
1.6109206459829883,1.4048273572774734,0.6793931412397307,1.9884719399650626
-0.26169402562337407,0.6595476363927472,0.24474418905127202,-0.26880556458602406
-0.2679409623745169,0.6540316704051055,0.11863666613761543,-0.1100218790686207
-0.16926689879882553,0.5814751865283326,0.19179794967191086,-0.34621476989327243
-0.2472471614157442,-0.904979868103825,0.5193177679430786,-0.25175469968415864
0.23125882881812734,0.9327584597135529,0.22245259294726624,0.9146664131631445
-0.3923669018628298,-0.26702992113923163,-0.7037599671019782,-0.5165025632641125
1.644385135020351,1.406157275749565,0.6690502588942979,2.700000707252357
-0.20848056519613198,-1.0098448937934623,-0.8233896821574963,-0.544872304693973
-0.17707584336936416,-1.3737705773664137,0.4219658626258855,-0.26119092980331976
-0.1616325900721857,-0.9970723806407007,-0.7333164630683544,-0.3484459228685281
0.21903996150574204,0.9750099239656316,1.358373810050751,0.2042137448161467
-0.2758145635292363,-1.0044034306937284,-1.150119749692837,-0.3536016417367588
-0.4117738034309009,-0.41182373086380397,-0.7700738869770746,-0.16457060524804604
-0.29580061460427215,0.6669402369768781,0.17690427657510907,-0.35039185001431566
-0.22198722580351005,-1.3833606414729727,0.2788323040000847,-0.25143213353671773
-0.5462795274828146,-0.2240551247925651,-0.6726850366640726,-0.03215716723741951
-0.20917727593786725,-0.9483756398492487,-0.8106546540879558,-0.4797384255727856
0.2844805024439416,1.0782610235972567,0.21599632262061436,0.9854700803323904
-1.1193958879921704,-0.5551548163512614,-2.6383159383069104,-0.755929869353889
-1.064352635302677,-0.31951026051021153,-1.1687209465545136,-0.9540098314612189
0.14696968119521842,0.94560554716207,0.14976002744096403,0.9711367106009345
2.2571675827696973,2.0041615211799813,0.5775090545285416,2.6977123879920657
1.1607934899176782,-0.3838803682864952,0.8541553382593914,-0.17583918792220257
-0.14499548276899632,-1.0710206184053108,-1.16164300554536,-0.7359253371421411
-1.1652325677869706,-0.6847814620896517,-1.2337878363307655,-1.1655430011849224
1.7187156570224205,1.3230734867429386,0.6238287607480067,2.051199352110739
-0.2548519661447103,-0.9809082104363301,0.4697238420556804,4.744861218430717
-0.16027331420903934,-0.9841102541693327,0.5709256208400373,-0.3381563938552741
0.30437175883363726,1.0565112162616814,1.373983506148309,0.27369285714225206
-1.2269245240998576,-0.7114227057833917,-1.3381886048599088,-1.2906478380806936
-0.16465388141081544,-1.3302756583446507,0.30397249992815184,-0.7723588110716919
0.14507443831428476,1.0334613701111381,1.2270241614676765,0.39194703477722465
-1.0599113741177055,-0.4101153118743008,-1.1185364596646423,-0.5481496652994052
-0.23918947571313232,-0.9826635345807351,-1.1656533160483753,-0.6602349244749964
-0.289435144815632,-0.7445547346579295,1.213874030718101,-0.14212187282524413
-1.1806981416104552,-0.9246487988566064,0.5893822344748961,-1.111936777999793
0.2741880477917986,0.5713294655681185,0.1725797275395482,0.06798939305426437
2.171390219396037,2.0077421822032284,0.5000141297473768,2.3179815593487025
2.271514085317674,1.986894211506654,0.5630220054217772,1.8375854286180466
0.22187772148221,0.9441984413337128,1.288519154207574,0.18785875438470823
0.1724852840255434,0.3054442779986391,0.2519362336524772,0.06295906373963063
0.20710683578174596,0.9960927574070823,1.3076862821941706,0.30782498729069485
0.19359513286483243,0.9446124471398412,1.3102319483283233,0.10245573125607495
1.718545045512972,1.244286094786002,0.7583288157352012,2.370779751248204
-0.2453699619864228,0.6538217859853609,0.06616945062607173,-0.03570870928359572
-1.2042960451177247,-0.6766055031806844,-1.2736796084728983,-0.9605604523429491
-1.0887502984983357,-0.6450452862091239,-2.602991141662176,-0.6177213640040166
1.5931752549208753,1.3565666204830962,0.7059984891840033,1.8639055650087193
0.16575354851994956,0.9555101033781486,0.20106312743525365,1.207934912225848
0.2740316059474131,1.0675659924008845,0.13504216895269427,1.1361230415620822
-1.0654326138265564,-0.6131879278348961,-1.3487995399946882,-0.6486490620430998
-0.20624144220249258,-0.9104008905437863,-1.2126810041322134,-0.36752074526072614
-1.1898649012975053,-0.6576416123054997,-1.3117076584104455,-1.02890067558683
0.11889231050217633,0.944512097831398,0.22418440932317832,0.048344300292233994
-1.2275329382421591,-0.6125739254957072,-2.6335652185146183,-0.6807972113609164
2.327143943699701,1.9786017085961043,0.5852149575753642,2.3661720728466076
-0.553158005850463,-0.23781983687519193,-0.7128908026821592,-0.25914608099440867
0.26114465926126285,1.0430454848238557,0.2272497700139773,0.9714677020033762
-0.33023539373591304,-0.9167288436159139,0.5265340742997673,0.14648595347644783
-1.0976541831555693,-0.6543484389973075,-1.383065830057258,-0.9152838036912142
2.2400078297779866,2.0143642808621154,0.37447322569230135,2.0297623678023764
0.19783687079375817,0.9973824457711967,1.2111736192663982,0.06569454984798934
-1.1705780633295166,-1.0157611593875806,0.43807331815881506,-0.6003724583933601
1.6238543726539318,1.2763976825535108,0.6633557987409023,2.261004078650262
-0.3212341640905283,-0.9190568680803936,-1.1122954405839742,-0.4675728227958854
-0.2299957223833037,0.5682072936597392,0.22382096622366637,-0.09868260194783328
-1.212064846631609,-0.5645724664894323,-1.2953934017357072,-0.9010313744076037
-0.30263921793791027,0.6940333060331363,0.1637236347209951,-0.23545833666610338
0.15408388222661615,0.37825284249920854,0.16778381251281668,-0.19454676456393868
0.12693318054772088,0.3475277347999415,0.2587781307616006,0.18559616320915623
-0.2219327763298581,-0.6503494626809834,1.3479449801370211,-0.6426253169359722
-0.24307657248987571,-0.9461607643865723,0.48893587053769977,-0.24731565928730154
1.1233625507740959,-0.3289610155599634,0.9866881961102236,-0.050289394404490664
-0.5239996802786104,-0.36628762878158677,-0.8317684248081079,-0.31989990700686904
2.3058429641504996,2.040809090667665,0.4935641024572593,2.4572678426554595
1.0253120406252958,-0.2906260243037159,1.0049770285153463,-0.33870159501812047
0.13277993194601612,0.9458212000757751,1.2690742096331042,0.078769146793053
0.14610845527468164,0.9319397688789879,1.2571514846149918,0.4398793847825769
2.1837256066961244,1.9568321599309464,0.5694436210310527,2.9304176906259274
-0.27096239589985605,0.7514205791321168,0.1966626693174031,-0.23756162159370803
-1.2212426867092063,-0.9875376217722172,0.53509035376308145,-0.8896687814251939
0.12874218567976609,1.0426480608067417,1.3720563990881198,0.34419914268332163
-1.0695252620927318,-0.7476087211726973,-2.661545358362015,-1.1742664460739465
0.18820076699312577,0.6855232367585925,0.16422326627672013,0.09979561891504347
0.26050232139537366,0.6202108879161734,0.14357383886848493,0.11365887606740409
-0.28328227862418004,-1.0654269792546798,-0.8674724462253721,-0.5932329067772804
-0.23699544425453167,-1.260457966649285,0.2505081575364203,-0.4814370868750864
-1.2095183758941999,-1.0820519340328572,-0.05005045019281568,-1.3032936134908877
2.2335194933462095,1.9454397843360476,0.45752111204730556,2.4302696677130817
-0.46307555723340893,-0.2892401134446972,-0.8099851979488345,0.016716469544594714
-0.32872529112599674,-0.6086635004178788,1.2565002914800867,-1.2901378218235455
0.17246488225337106,0.9668783944594794,1.2741759589529955,-0.15220584009511973
-0.30649478805181407,-1.0657187441598004,-0.7160446358566951,-0.7881009448319747
-0.19606183683555745,-1.047286547111388,-1.1472518123435764,-0.3405910096103815
-0.30381402784347095,-1.2944158840827547,0.3775876827553189,-0.18618095040996518
-1.2060588925698916,-0.3632055234432118,-1.167095547951819,-0.712856164138272
-0.3881344035152041,-0.2769636749041366,-0.8552106957732087,0.04061583332399034
-1.1248856021065565,-0.9682381436958177,-0.11860089396240783,-0.8444675969817613
-1.1652331993820986,-0.3570902996701491,-1.2231772528807527,-0.7827889360862403
-1.0729315621529634,-0.7113587922125891,-1.2843945940928099,-0.9455471520172496
-0.27006075100334015,-0.9745887330090138,0.5735457423201002,-0.5778696225167854
-1.2405154896273176,-1.0687356051744559,0.612750376534954,-0.5709278562039094
-0.17780510111802844,-0.6648363855216293,1.1986085770744401,-0.5522064781427404
-0.28843761790725103,-1.3275734899882219,0.40030880123962603,-0.007372335984349303
-1.0694807734460632,-0.6513551500399007,-2.5877043588466266,-0.8387051421065751
-1.221750159018056,-0.7111469814611399,-1.33416903314641,-0.8686392193456363
-1.1537074106633385,-0.7130772008799633,-1.3507759052318535,-1.0049175338164218
-0.23231098731205396,-0.98242048756307,0.4447089713391431,-0.06944686637068218
0.19558335990795336,0.4233811855618226,0.13489951995647698,0.9728822642396524
-0.16671039472432092,-0.7444006504306564,1.2836466990321476,-0.5676537943940372
-1.2187612757047692,-0.26726100010826853,-1.1212490447196404,-0.652015009590667
1.136123922766482,-0.2860499669125367,0.8074756437056163,-0.3815079654594268
-1.044836060401601,-0.9481012933250842,0.45985839611836143,-0.7396501379570355
0.16428761822495064,0.9160241449366524,1.3437128794056654,0.12397652058484403
-0.2776584324150676,-0.8822215360441711,-1.0587856334224532,-0.271845530690114
0.2977342778804021,0.941447116561634,0.08086384315420365,0.9045049475818114
2.2816160508420116,2.00489893340865,0.30043982848373035,1.8339905408733248
0.1324224053001392,0.9859808290206902,1.2070116442344172,0.15980084124858476
0.29129623722161097,0.6927649733760255,0.18706380576985315,0.03817589306718787
1.6544664824034565,1.2570479101097332,0.6393107516744926,1.7298330203180112
-1.2318859896447374,-0.7226437929469326,-2.7025321548791843,-0.49106561818965694
0.25004289281666686,0.3909986922416472,0.11263290040809022,0.31382869182228146
0.2490135000597712,0.8970989979061037,1.3222055097928287,0.3107539312462593
-1.089157003676188,-0.6414366142674613,-2.635598270141052,-0.9700204016257388
2.2259765800624387,1.8913230679996889,0.5628329675213093,2.663620689157187
-0.32775324364858394,-1.0208732669042915,-1.0545879633604052,-0.5375706936064375
2.2700702379982363,1.9205634798767497,0.6125049099445914,2.503062368620153
0.22675770354468386,0.2702681306410426,0.0769120983614102,0.11448998812209894
0.1706697646426212,0.6937220526195512,0.15830857137434387,0.1331285449310172
-1.124708728482611,-1.0614726726542483,0.6090709747712036,-0.7428499538991427
-1.1688785445649408,-0.9737587237972197,0.4782512512520917,-0.9145599661160545
-0.15283579574359665,-0.8921654916102595,-0.7570315428429762,-0.6533334215209202
0.12652707732921725,0.2384878329091543,0.14796771873638684,0.13675569186286035
1.786945001023143,1.4057280346824068,0.6564520626010922,1.9125087592768164
0.21786661829255247,1.0731678994134912,1.2650441510589678,0.0990231163893014
-0.1773656648476772,-1.0776013015392754,0.6210856561346488,0.014349793387180301
0.1892048613388529,0.640478702053229,0.06661334684803365,-0.1183834680972019
0.11685927118781822,0.5813789295429713,0.06891326177140639,0.1675564106681875
0.12162881184893037,0.6043848118418637,0.2334640586330054,-0.0447369745814505
0.15907801857051251,0.6029180618385793,0.1580197343785888,0.02155291091067774
0.13246565584012662,0.994758516239924,0.15382615478352413,0.9064421783081135
0.3123352244505807,1.0013536886329326,1.3003476542718202,0.2336403763752809
-1.121627858125694,-0.7094423670630967,-1.4009388771946323,-1.1902173509774683
2.3320095563575336,1.9337382733870065,0.5211969128889005,2.6040659574600076
-0.20253185816989544,0.7350367015417858,0.12997863382277622,-0.3657590617800225
-0.3961831916557061,-0.22368339695947542,-0.675896509743408,-0.16939827270070779
-1.0750137815786331,-1.0290021981448927,0.5262879824449486,-1.0066977857360189
1.1702416877342188,-0.33788524489092103,0.916299134566624,0.06643572100092862
-0.4034440513798289,-0.22770364039973456,-0.8100292728501008,-0.22333820465918913
-1.1672125884133748,-0.99633237999423,0.6112598942763091,-0.6848161475161487
-1.1981283608972473,-0.9090675443549865,0.566856883038099,-1.1674833921420822
0.2549989483918332,0.3570839941980116,0.20136028489024874,-0.3093574320756591
0.232677256628471,0.6872099433752276,0.25295469898767214,0.07745556292852583
0.248143209213938,0.38115783443939205,0.20444930110246826,-0.1915869627344871
2.296714703849176,1.9843737757494024,0.6185893188684208,2.3883797647737723
-1.130131538152888,-0.7510756139527532,-1.2943708105648468,-0.7605098863123163
-1.074213616604704,-0.2457074163110994,-1.1502301269946493,-0.12578799505807509
0.26420803029434053,1.0290519686955406,1.298545446142353,0.35224376626048204
-1.0515351593890638,-0.6342853624076856,-2.568335147764258,-0.9064013750260772
0.21664462822627517,0.7339084862969877,0.17320589009108364,0.21592189582442195
-1.1796437160031283,-1.081438011829142,-0.0635276150007655,-1.0682375736063057
2.272516874852991,1.9685489340974232,0.47949150579448424,2.6184467141185563
2.2560797016655156,1.9300730717260308,0.31556923867349135,1.7684990104704041
1.1888597500734321,-0.3115654066598149,1.0051348353125935,-0.8585283157312079
-0.43105106750927596,-0.4149793725638648,-0.7096193303934211,-0.3728605600415453
-0.2666938108812612,-1.3323292951204415,0.3022248242723495,-0.12305132789880541
0.19978453286520334,0.9410474490312899,1.2898158641752429,0.07848562737233603
0.24970779330228984,1.0657723345635857,1.3467594635501245,0.3168676833231642
0.11910349762059438,1.0023574746762278,1.370716130639075,0.18291349454229178
0.23950847939887357,0.29234273213833833,0.2509966632218523,0.11682841718647147
0.21173620152911146,0.8978366702366913,1.2799833504262204,-0.6508782558558357
-0.23869152201712904,-0.9173586367038478,-0.8488504153069398,-0.8935365436488291
0.31258176189768866,0.9458712492295374,1.3660713464548182,0.35819038580089285
-1.1740973277806948,-0.6907303428215245,-1.291783048272582,-0.8102125241709601
0.26246934074034795,0.41661132479046675,0.19230799117763572,0.1384644443389657
-1.045664912391876,-0.6755657830282114,-1.2991546142780093,-0.7859843819316334
1.0769123682621982,-0.3367466261294374,1.005319866062068,-0.6201904908389277
0.16447628935098185,0.9753437490265193,1.2922063321613182,0.23465186521100867
-1.2296590097026545,-0.5982936691478206,-2.5986842061838513,-0.9537737746375716
-0.23978925910824023,-1.3775327342694894,0.3076893868321528,-0.9186667000440945
0.22339717385535202,0.6677842045093659,0.2304111745464942,-0.29662174200054797
-1.2222344127621636,-0.7236425910820539,-2.5792958526610215,-0.8657758210834042
2.23921163906426,2.0088471493397138,0.2694027448099622,1.6574269158671966
-1.0452141704897646,-0.6826670242384564,-2.628673850377424,-0.9437221612224403
1.7104171558542165,1.369269049213542,0.624851031419196,1.7664478855695855
-0.26687644271855304,-1.019669860315924,-0.7301729840058597,-0.5902315491895797
-1.1553144141892262,-0.9719226806417518,0.052095502010129725,-0.9477712823171577
0.2766986030768635,0.9717481174646684,1.3503264066440317,0.09499063441137455
-0.30184538884276907,-0.6123982886064515,1.245735144853495,-0.5044324359467984
-1.1341708853550865,-0.612634716863378,-1.2515215195819478,-1.0233011444524989
-1.196383535807909,-0.22861766925199917,-1.143887995164575,-0.8274536091188958
-0.19970183243507045,-0.9436894176975694,0.5514689263902228,-0.6404409727296664
-1.089300668969395,-0.7049601595594042,-1.3680200070172166,-0.8069097994835959
0.24873672366624217,0.3287690578512115,0.17737508321196585,-0.012643710460105328
-0.3230994811516687,-1.249544285743191,0.2940905719065129,-0.133708845642279
1.768749118941119,1.3107306493117705,0.7929823212003361,1.4939783725903675
1.6195140134938497,1.307399019470518,0.7884538172673748,1.8002585375682225
0.23217651094476666,0.26935215767511883,0.18535280209952387,0.15043208393810115
-0.31445642168521265,-0.7009515714200688,1.3613030542759221,-0.4014509213361996
-1.1845880196911547,-0.29653201034143856,-1.1373562347956092,-0.7282337869050454
-0.1836309341618597,-0.5587087434431021,1.2945086846459846,-0.5806204887463425
-1.1085711588567344,-0.25450382326097504,-1.0875270860071933,-0.9763016747999178
-0.23290049786837633,0.6704757285226421,0.08727465005711807,-0.1319275500832002
-0.1821515305497103,-1.0570407434628362,-1.0733060634634692,-0.009576130996896326
-0.2544635860977271,-1.2884943416353742,0.41357780209135137,-0.31944413468241684
-1.1392460076440336,-0.24271532747225305,-1.1419199917893588,-1.072376508784666
-0.20917120413338255,-0.8976035421149476,-0.7824307458575058,-0.6931860593191248
1.695167049893478,1.2387437492925715,0.6954057147998883,1.817186257596963
0.16360633601858554,0.6136166729950582,0.11721036606163407,-0.2129402876747707
0.18691714319216085,0.9056237698698143,1.3485315798935225,0.3436356629712845
0.21922712320442245,0.9495560355428772,1.1920182981070795,0.18889624037920202
-1.1828489259664472,-0.8974960208916403,-0.039440268475945506,-1.007414863391671
-0.40255327226994075,-0.24305837338651767,-0.8591455015665824,0.014084138725775838
2.3475334849350413,1.999069215899547,0.6229036478865894,2.4088061174094553
-1.2299000177543615,-0.6203651823257084,-1.3144698343493921,-0.6437668844808049
-1.2433214557079701,-0.6576927561462353,-2.6657869866829436,-1.4369936335987425
0.1456575468919538,1.0443866688873755,1.2601639480070594,0.17194497131260045
-0.19731918624203124,-0.6436111621247789,1.2998778499332835,-0.5352094291658726
-0.31722242526449995,-0.7299725313459083,1.3219740557451491,-0.6858910081302785
0.28119474828519836,1.0677740813099679,1.2048057551884317,0.5712869182314857
-0.5158265818423283,-0.22695186763283468,-0.7858560234087846,-0.36484180051102616
-0.2104569638936603,-1.254683497205307,0.3745617766183907,-0.5498826984481022
1.0313270428899262,-0.3093552288067416,0.8208646428369004,-0.2716418464362063
-1.053293231578867,-0.9337914449583519,0.6013722679515378,-1.4701980935216787
-0.21478646929794062,-1.2645320180497346,0.38979607685853396,-0.691057627855729
-0.29599299559104497,-1.0404549136045085,-1.1835596162450417,-0.30882644728589903
-0.26764240400832706,-1.0134444754227612,-1.068233439046425,-0.15828572615980563
-0.19354207090820588,0.7269721070451609,0.17014550561603342,-0.13345156525430488
-1.1179303520202606,-0.7170124455054735,-1.3094888053500275,-0.9135825802453148
-1.0870679260759573,-0.5618562022705273,-2.699872909463521,-0.799347081038231
-0.1569857319221897,-1.0580256811480198,-0.7043355581009115,-0.7242432237947506
-0.31443707630315615,-1.3791386651688295,0.41645816874741026,-0.11512421414094949
0.13335166535468074,0.38251001377129773,0.09836567262661779,-0.08252700674453894
-0.2914404910270777,-0.9271952617475872,0.5315089849812963,-0.3396317318472078
0.14859219412778021,0.6021338254772463,0.2551257748070306,-0.4498413036706407
-0.24304337595770756,-0.913236539256445,0.5306462434507719,0.08556084382115797
-0.17654783620604156,-1.0004884063904425,0.48177226291383474,-0.22743483531651434
-1.2061170175769484,-0.8992120471971917,-0.0748300627789002,-1.3399034762085436
-0.3319901652524045,-1.027977297641107,-1.2113465370289178,-0.6362039723137787
1.209967877947221,-0.3580157435569321,0.8856155708026939,-0.09446942411151049
-0.2802132362412472,-1.0746561863228554,0.483460492123534,-0.5223276067706203
0.12048082789780427,0.652278028638928,0.25971672980669064,0.14268069706120778
0.16043140397413116,0.26487698659806663,0.08355361267077167,-0.07457044293570332
2.240966403148581,1.954761477775192,0.6173288875604883,1.8966023711109141
-0.4905690078022288,-0.4172343608016236,-0.7055785820760889,-0.1460383865570249
0.28330487016872963,0.397112971704263,0.13429012694103035,0.16952849705851222
-0.1381949887250421,-0.9381536701959287,-0.7838890216820699,-0.7578561456712276
2.1699329023826315,1.9042718628592386,0.4436844245339103,1.962089488270082
0.13948711820321455,0.9830704747245141,1.3271484387381636,-0.06296928683920583
-0.1782334984321823,-1.0091317290562727,0.626494192288504,-0.3193766755269724
0.26536998477481477,0.9097816503964635,1.2323257050840233,0.7932746556956513
-0.30452083932279667,-1.3374959883361506,0.2721558588005673,0.8450965383685328
-1.1743897056933594,-1.024627566377165,0.6135151607873458,-0.8905050331141124
-0.2330853727811365,-0.9498090740311064,-1.1527174178153439,-0.2493086616315693
-1.1094806915156625,-1.0592138219053309,0.47348350765909153,-0.8816056138868724
0.26269804330112456,0.9785240145794215,1.248676923377536,-0.314649811233297
-0.15562354306631845,-1.2369918538641467,0.43344493139065315,-0.2108662052042687
2.2179302240067873,1.9173376666648017,0.5365977921020844,2.3455238138671337
0.21221070231475084,0.3003153269108106,0.07961242264462894,0.04414258354157531
0.2318577221179315,0.9343910990148273,1.3553151134787482,-0.18840998176916712
1.7408913717624337,1.3106800988095766,0.6222516772966812,1.6633269217156268
0.1436594285590936,1.0945303847488361,0.23681627715866468,0.905562487122178
-0.27719237768718824,0.6636138570592617,0.24587679840650006,0.06913920312901858
1.7512967755231228,1.245841593356135,0.8130653164737383,2.227455551714848
-0.4949472135712235,-0.3559551624846259,-0.7459755941700752,-0.19142661633249297
-1.173763976034082,-0.3161517889723753,-1.1412748106805808,-0.6665035798824764
-1.2294354944251866,-0.3735935837833214,-1.0640665492529406,-1.1039123386146148
-0.4118745110580841,-0.23170307297953555,-0.7063671478682367,-0.2687107724878735
-1.1026322500323034,-0.6235322742974936,-2.659916807537138,-0.8892711005609538
2.2068611139149272,2.0076904870752394,0.5702975352904749,2.282818259108398
0.23981359293932844,0.2514511090468712,0.17931182805234597,0.1325045629821154
-0.20697672744132578,0.6050126392537687,0.2013848720190407,-0.14828283628044384
-0.18378358439162953,0.6275652977631218,0.15387762573107602,-0.09724171621632706
-0.18163724962958605,-0.967746770286948,-1.0835897729827209,-0.11930892725475657
-0.18769196119082746,0.6069259329124421,0.20797339967965378,-0.14451626860109984
2.1715107301340693,1.9546813396413014,0.5995135142112966,2.5281962270210525
-0.16905766819925702,-1.0559580898319505,-0.7922608208848452,-0.6384193985377951
-1.2010645802229107,-1.0181748874109273,0.489278727764633,-0.4745224991662662
1.7228424915071507,1.3049037177355094,0.7384813322998842,1.8931549099844627
1.0328843406178019,-0.37115395221316066,0.9324877123894275,0.07376206349169784
2.1911057587003984,1.9239838903950466,0.29266325913511865,2.08185464976969
-0.14407896981565813,-0.9251960644480574,-1.0591958146107234,-0.41578152212499986
-1.1985932054819863,-0.9430603330874976,-0.12192905992766223,-1.1079884270922813
1.6185345216758893,1.2384123957366369,0.7638635582077922,1.9176865003932895
-0.1867215438670828,-0.9768383016711584,-0.8390160797922992,-0.5400184521120696
0.21100221770976088,1.0059151648683018,0.23623887344515387,1.1608397706299254
0.14355996498432794,0.9187538708883424,1.2690451681854937,0.20558256648902548
-0.15134292703613522,-1.326796451164569,0.297771995719166,-0.09527559646849051
-0.16214010650954688,-0.9863411264834052,-1.072086082741622,-1.107905486640138
1.6177063437834664,1.2306222056372034,0.7643231485629636,1.6907480889533089
-1.0587257119427769,-0.5671653597431349,-1.3383425638973094,-0.6221656696881439
1.157389349228096,-0.3871257963474589,0.9818866666997521,-0.23173439837879525
0.2369292009247086,0.9188192450996702,1.3434098500532192,-0.0981902102045209
-1.1902150890467516,-0.6714583668009491,-1.3589470987007728,-0.8689032701432846
0.19501291468021784,0.36214795882379286,0.23489519238244877,0.08778051337529656
